Point,Easting,Northing,Elevation,Description,Date
1,-50193.898,-107638.032,3.919,BM,2026-07-04 08:15:00
2,-50190.798,-107641.757,3.925,RE1,2026-07-04 08:16:00
3,-50192.446,-107645.348,3.977,RE1,2026-07-04 08:17:00
4,-50194.037,-107648.777,4.081,RE1,2026-07-04 08:18:00
5,-50189.264,-107651.038,4.041,RE1,2026-07-04 08:19:00
6,-50187.412,-107646.945,3.942,RE1,2026-07-04 08:20:00
7,-50185.833,-107643.450,3.902,RE1,2026-07-04 08:21:00
8,-50215.102,-107630.114,4.402,FENCE1,2026-07-05 09:05:00
9,-50218.730,-107633.221,4.411,FENCE1,2026-07-05 09:06:00
10,-50221.450,-107636.908,4.398,FENCE1,2026-07-05 09:07:00
11,-50255.208,-107630.439,3.913,POLE,2026-07-05 09:16:00
12,-50255.548,-107631.026,4.147,TMH,2026-07-05 09:17:00
13,-50254.715,-107631.358,4.134,TMH,2026-07-05 09:18:00
14,-50255.092,-107632.262,4.145,TMH,2026-07-05 09:19:00
15,-50255.832,-107631.858,4.155,TREE,2026-07-05 09:20:00
